Unnamed: 0,Unnamed: 0.1,label,text,annotation_1,annotation_2,annotation_3,majority_vote,human_rationales
0,54212,0,“ ضعيف جداا ” . لم يعجبني شيئ قديم جداا والصور غير الحقيقة . لا شيئ,"['قديم', 'جداا', 'والصور', 'غير', 'الحقيقة']","['قديم', 'جداا']","['ضعيف', 'جدا', 'شيئ', 'قديم', 'جدا']","['قديم', 'جداا']","[0, 0, 0, 1, 0, 0, 0, 0, 0, 0, 1, 1, 0, 0, 0, 0, 0, 0, 0, 0, 0, 0, 0, 0]"
1,51572,0,“ سيء جدا ” . إهمال عدم راحة . تسببو بخدش سيارتي . كل شي,"['إهمال', 'عدم', 'راحة', '.', 'تسببو', 'بخدش', 'سيارتي']",['إهمال'],"['سيء', 'جدا', 'إهمال', 'عدم', 'راحة', 'خدش', 'سيارتي']","['راحة', 'عدم', 'سيارتي', 'إهمال']","[0, 0, 0, 0, 0, 0, 0, 1, 1, 1, 0, 0, 0, 0, 0, 0, 0, 0, 0, 0, 0, 0, 0]"
2,8947,0,“ واي فاي ليس مجانا مع اننا دافعين بدل رسوم والاشتراك ” . قربه من الشط . نظافة الغرفه العفش قديم جدا سجاد الغرفه له رائحه,"['ظافة', 'الغرفه', 'العفش', 'قديم', 'جدا', 'سجاد', 'الغرفه', 'له', 'رائحه']","['واي', 'فاي', 'ليس', 'مجانا']","['واي', 'فاي', 'ليس', 'مجانا', 'العفش', 'قديم', 'سجاد', 'الغرفه', 'له', 'رائحه']","['قديم', 'العفش', 'سجاد', 'رائحه', 'له', 'الغرفه', 'واي', 'فاي', 'مجانا', 'ليس']","[0, 0, 1, 1, 1, 1, 0, 0, 0, 0, 0, 0, 0, 0, 0, 0, 0, 0, 0, 0, 0, 0, 0, 0, 0, 0, 0, 0, 0, 1, 0, 0, 1, 0, 0, 1, 0, 0, 1, 0, 0, 1, 0, 0]"
3,23718,0,مخيب للأمل . . رائحة العرفه كريهه والاثااث جداا وصخ,"['رائحة', 'العرفه', 'كريهه', 'والاثااث', 'جداا', 'وصخ']","['مخيب', 'للأمل']","['مخيب', 'للأمل', 'رائحة', 'العرفه', 'كريهه', 'وصخ']","['وصخ', 'كريهه', 'العرفه', 'رائحة', 'للأمل', 'مخيب']","[0, 1, 0, 0, 0, 0, 0, 1, 0, 0, 0, 1, 1, 0, 0, 0, 0, 0, 0, 0, 0, 0, 0, 0]"
4,40924,0,ضعيف جدا . ما فيه أي شي حلو . كل شي بايخ . لا استقبال محترم ولا غرف نظيفة والروائح في كل مكان . التكييف تعبان والراي فاي يقطع .,"['لا', 'استقبال', 'محترم', 'ولا', 'غرف', 'نظيفة', 'والروائح', 'في', 'كل', 'مكان', '.', 'التكييف', 'تعبان', 'والراي', 'فاي', 'يقطع']","['ضعيف', 'جدا']","['ضعيف', 'جدا', 'كل', 'شي', 'بايخ', 'التكييف', 'تعبان']","['كل', 'تعبان', 'التكييف', 'جدا', 'ضعيف']","[0, 1, 0, 0, 0, 0, 0, 0, 0, 0, 0, 0, 1, 0, 0, 0, 0, 0, 0, 0, 0, 0, 0, 0, 0, 0, 0, 0, 1, 0, 0, 0, 0, 1, 0, 0, 0, 0, 0, 0, 0]"
5,43155,0,“ لا انصح احد ” . لايوجد شي اعجبني . المعاملة ، المكان غير نظيف ، والخدمة سيئة للغاية,"['المعاملة', '،', 'المكان', 'غير', 'نظيف', '،', 'والخدمة', 'سيئة', 'للغاية']","['لا', 'انصح', 'احد']","['لايوجد', 'شي', 'اعجبني', 'المكان', 'غير', 'نظيف', 'الخدمة', 'سيئة', 'للغاية']","['للغاية', 'المكان', 'سيئة', 'نظيف', 'غير']","[0, 0, 0, 0, 0, 0, 0, 0, 0, 0, 0, 0, 0, 0, 0, 0, 0, 1, 1, 0, 0, 0, 0, 0, 1, 0, 0, 0, 0, 0, 0]"
6,39682,0,“ تجربة لن تتكرر ” . . كل شي الواي فاي ضعيف الاثاث سيئ المرافق كل شي سيئ لاانصح بة والاهم من كل شي الموقع البعيد عن كل شي,"['الواي', 'فاي', 'ضعيف', 'الاثاث', 'سيئ', 'المرافق', 'الموقع', 'البعيد', 'عن', 'كل', 'شي']",['سيئ'],"['تجربة', 'لن', 'تتكرر', 'الواي', 'فاي', 'ضعيف', 'الاثاث', 'سيئ', 'كل', 'شي', 'سيئ', 'لاانصح', 'الموقع', 'البعيد', 'عن', 'كل', 'شي']","['كل', 'البعيد', 'فاي', 'الموقع', 'عن', 'شي', 'الاثاث', 'ضعيف', 'الواي', 'سيئ']","[0, 0, 0, 0, 0, 0, 0, 0, 0, 1, 1, 0, 0, 1, 1, 0, 0, 1, 0, 0, 1, 1, 1, 0, 0, 0, 0, 0, 0, 0, 0, 1, 1, 0, 0, 0, 0, 1, 1, 1, 0]"
7,31682,0,“ خدمات الفندق وتعامل موظفي الاستقبال سي جدا ” . . تقعد ساعة اذا جيت تدخل اول مره واذا جيت تشيك اوت تقعد ساعة رسوم الليلة السياحة غالي جدا حجزت وكتب شرط دخولي الساعة 5 او 4 الفجر ع وقت وصولي ودفعوني 300 درهم وقلت له اغلي حجزي رفض اذا متدخلني الساعة 5 رفض التلفون كل يوم يدق على الظهر ازعاج لايوجد راحة ابدا انصح بعدم النزول له ،,"['تقعد', 'ساعة', 'اذا', 'جيت', 'تدخل', 'اول', 'مره', 'واذا', 'جيت', 'تشيك', 'اوت', 'تقعد', 'ساعة', 'رسوم', 'الليلة', 'السياحة', 'غالي', 'جدا']","['الاستقبال', 'سي', 'جدا']","['تعامل', 'موظفي', 'الاستقبال', 'سي', 'جدا', 'رسوم', 'الليلة', 'السياحة', 'غالي', 'جدا', 'ازعاج', 'لايوجد', 'راحة']","['رسوم', 'غالي', 'الليلة', 'السياحة', 'جدا', 'الاستقبال', 'سي']","[0, 0, 0, 0, 0, 0, 0, 0, 0, 0, 0, 0, 1, 0, 0, 0, 0, 0, 0, 0, 0, 0, 0, 0, 0, 0, 0, 0, 0, 0, 0, 0, 0, 0, 0, 0, 0, 1, 0, 0, 0, 0, 0, 0, 1, 0, 0, 0, 0, 0, 0, 0, 0, 0, 0, 0, 0, 0, 0, 0, 0, 0, 0, 0, 0, 0, 0, 0, 0, 0, 0, 0, 0, 0, 0, 0, 0, 0, 0, 0, 0, 0, 0, 0, 0, 0, 0, 0, 0, 0, 0, 0, 0, 0, 0, 0, 0, 0, 0, 0, 0, 0, 0, 0, 0, 0, 0, 0, 0, 0, 0, 0, 0, 0]"
8,65470,0,“ صراصير في المطبخ و الغرفة ! ! ” . طاقم الاستقبال . النت ضعيفالمواقف ضيقة و أغلبية الأحيان تضطر لوضع السيارة في الشارعالنضافة و الغرفة فيها صراصير ! !,"['النت', 'ضعيفالمواقف', 'ضيقة', 'الغرفة', 'فيها', 'صراصير']","['الغرفة', 'فيها', 'صراصير']","['النت', 'ضعيف', 'المواقف', 'ضيقة']","['النت', 'فيها', 'الغرفة', 'صراصير', 'ضيقة']","[0, 0, 1, 0, 0, 0, 0, 0, 0, 0, 0, 0, 0, 0, 0, 0, 0, 0, 0, 0, 0, 0, 0, 1, 0, 0, 0, 0, 0, 0, 0, 0, 0, 0, 0, 0, 0, 0, 0, 0, 0, 0, 0, 0, 0, 0, 0, 0, 1, 0, 0, 0]"
9,14446,0,مخيب للأمل . التنسيق مع طاقم العملوربما بعض الخدمات القريبة المتوفرة 24 ساعة . النت ليس مجاني ومكلف ( 40 درهم في اليوم ) أحيانا لا يتم الرد على الاتصال عند طلب خدمة,"['النت', 'ليس', 'مجاني', 'أحيانا', 'لا', 'يتم', 'الرد', 'على', 'الاتصال', 'عند', 'طلب', 'خدمة']","['النت', 'ليس', 'مجاني']","['مخيب', 'للأمل', 'النت', 'ليس', 'مجاني', 'و', 'مكلف', 'لا', 'يتم', 'الرد', 'على', 'الاتصال']","['النت', 'الاتصال', 'مجاني', 'لا', 'على', 'يتم', 'الرد', 'ليس']","[0, 0, 0, 0, 0, 0, 0, 0, 0, 0, 0, 0, 0, 0, 0, 0, 0, 0, 0, 0, 0, 0, 0, 0, 0, 0, 0, 0, 0, 0, 1, 1, 0, 0, 0, 0, 0, 0, 0, 0, 0, 0, 0, 1, 1, 0, 0, 1, 0, 0, 0, 0, 0, 0, 0]"
10,6312,0,“ لن اكرر زيارة هذا الفندق ” . قريب من الخدمات . الغرفه غير نظيفهمروحة الحمام ( الهوايه ) أعزكم الله خربانه ورائحة الحمام لا تطاق تك التحدث الى الاستقبال ولم يفعلوا شيئااهتمامهم فقط بالممرات و عند الاستقبال اما بداخل الغرف تقييمي صفر لها,"['الغرفه', 'غير', 'نظيفهمروحة', 'الحمام', '(', 'الهوايه', ')', 'أعزكم', 'الله', 'خربانه', 'ورائحة', 'الحمام', 'لا', 'تطاق', 'اهتمامهم', 'فقط', 'بالممرات', 'و', 'عند', 'الاستقبال']","['لن', 'اكرر', 'زيارة']","['لن', 'اكرر', 'زيارة', 'هذا', 'الفندق', 'الغرفه', 'غير', 'نظيفه', 'رائحة', 'الحمام', 'لا', 'تطاق']","['تطاق', 'الغرفه', 'الحمام', 'لا', 'غير', 'لن', 'اكرر', 'زيارة']","[0, 0, 1, 0, 1, 0, 0, 0, 0, 0, 0, 0, 0, 0, 0, 0, 0, 0, 0, 1, 1, 0, 0, 0, 0, 0, 0, 0, 0, 1, 0, 0, 0, 0, 0, 0, 0, 0, 0, 0, 0, 1, 1, 0, 0, 0, 0, 0, 0, 0, 0, 0, 0, 0, 0, 0, 0, 0, 0, 0, 0, 0, 0, 0, 0, 0, 0, 0, 0, 0, 0, 0, 0, 0, 0, 0, 0, 0]"
11,30152,0,“ تجربه مقبوله ” . . قعدم وجود مواقف كافيه,"['عدم', 'وجود', 'مواقف', 'كافيه']","['قعدم', 'وجود', 'مواقف', 'كافيه']","['عدم', 'وجود', 'مواقف', 'كافيه']","['مواقف', 'كافيه', 'وجود', 'عدم']","[0, 0, 0, 0, 0, 0, 0, 0, 0, 0, 0, 1, 1, 0, 0, 0]"
12,28074,0,“ اقامة سيئة تكرمون بإختصار زبالة ” . لاشي . كل شي لم يعجبني سيئة للغاية وخدمات وموقع واقامة سيئة بإختصار ويكرم القارئ زبالة,"['خدمات', 'وموقع', 'واقامة', 'سيئة']","['اقامة', 'سيئة']","['اقامة', 'سيئة', 'لم', 'يعجبني', 'سيئة', 'للغاية', 'زبالة']","['سيئة', 'اقامة']","[0, 0, 0, 0, 1, 0, 0, 0, 0, 0, 0, 0, 0, 0, 0, 0, 0, 0, 0, 0, 0, 1, 0, 0, 0, 0, 0, 0, 0, 0, 0, 0, 0, 0, 0, 1, 0, 0, 0, 0, 0, 0, 0, 0, 0, 0, 0]"
13,99659,0,“ سيئ جدا 8 - 2 ” . اعجبني الافطار فقط . الذي لم يعجبني موقعه مستوى النضافه رائحه كريهه في المفارشطلبت منهم تنضيف الغرفه ذهبت ورجعت ولم ينضفوها,"['موقعه', 'مستوى', 'النضافه', 'رائحه', 'كريهه', 'في', 'المفارش']","['لم', 'يعجبني']","['سيئ', 'جدا', 'اعجبني', 'الافطار']",[],"[0, 0, 0, 0, 0, 0, 0, 0, 0, 0, 0, 0, 0, 0, 0, 0, 0, 0, 0, 0, 0, 0, 0, 0, 0, 0, 0, 0, 0, 0, 0, 0, 0, 0, 0, 0, 0, 0, 0, 0, 0, 0, 0, 0, 0, 0, 0, 0, 0, 0, 0]"
14,62495,0,ضعيف جدا . . رائحة الكحول من المدخل,"['رائحة', 'الكحول']",['ضعيف'],"['ضعيف', 'جدا', 'رائحة', 'الكحول']","['الكحول', 'رائحة', 'ضعيف']","[0, 1, 0, 0, 0, 0, 1, 0, 0, 0, 0, 0, 0, 0]"
15,18495,0,“ مخيب للآمال عملت تشيك اوت من أول يوم الي فندق آخر ذي الفل ” . الموقع جيد فقط . . المطعم ال مقابل الفندق اكله جميل و فيه شباب مصريون ذي العسل . موظفة الرسبشن الفلبنية تشعر كأنها معقدة شايفه البنات الحلوه علي يمنها و هي عامله ذي الذكر ، ، الفندق تشعر انك في سجن لا يسمح بالزيارات نهائي لا من الداخل ولا الخارج فندق ناشف مرره ، ، في ديسكو علي يسار الرسبشن الدخول ب 100 درهم بس وكأنه ليس له علاقة بالفندق مع نفسك دبر حالك برره,"['الفندق', 'تشعر', 'انك', 'في', 'سجن', 'لا', 'يسمح', 'بالزيارات', 'نهائي', 'لا', 'من', 'الداخل', 'ولا', 'الخارج', 'فندق', 'ناشف', 'مرره']",['سجن'],"['مخيب', 'للآمال', 'لفندق', 'تشعر', 'انك', 'في', 'سجن']","['تشعر', 'انك', 'في', 'سجن']","[0, 0, 0, 0, 0, 0, 0, 0, 0, 0, 0, 0, 0, 0, 0, 0, 0, 0, 0, 0, 0, 0, 0, 0, 0, 0, 0, 0, 0, 0, 0, 0, 0, 0, 0, 0, 0, 1, 0, 0, 0, 0, 0, 0, 0, 0, 0, 0, 0, 0, 0, 0, 0, 0, 0, 1, 0, 0, 0, 0, 0, 0, 0, 0, 0, 0, 0, 0, 0, 0, 0, 0, 0, 0, 0, 0, 0, 0, 0, 0, 0, 0, 0, 1, 0, 0, 1, 1, 0, 0, 0, 0, 0, 0, 0, 0, 0, 0, 0, 0, 0, 0, 0, 0, 0, 0, 0, 0, 0, 1, 0, 0, 0, 0, 0, 0, 0, 0, 0, 0, 0, 0, 0, 0, 0, 0, 0, 0]"
16,45488,0,“ اول وآخر مره احجز ف هيلتون الفجيره ” . . بوفيه الافطار حدا مستواه متدني بالنسبة لفندق خمس نجوم . كأنه مستوى نجمتين فقط . تكييف الشاليه جدا سيء . مساحة الشاليه صغير وليس هناك مطبخ زاويه او ميني بار جيد . لا يستحق سعر الحجز بالنسبة للمكان والخدمات أبدا والشاطئ جدا مستواه متدني,"['تكييف', 'الشاليه', 'جدا', 'سيء', 'مساحة', 'الشاليه', 'صغير', 'وليس', 'هناك', 'مطبخ', 'الشاطئ', 'جدا', 'مستواه', 'متدني']","['مستواه', 'متدني']","['بوفيه', 'الافطار', 'حدا', 'مستواه', 'متدني', 'تكييف', 'الشاليه', 'جدا', 'سيء', 'مساحة', 'الشاليه', 'صغير', 'الشاطئ', 'جدا', 'مستواه', 'متدني']","['تكييف', 'مساحة', 'الشاليه', 'متدني', 'صغير', 'الشاطئ', 'سيء', 'مستواه', 'جدا']","[0, 0, 0, 0, 0, 0, 0, 0, 0, 0, 0, 0, 0, 1, 0, 0, 0, 0, 0, 0, 0, 0, 0, 0, 1, 0, 1, 0, 0, 0, 0, 0, 0, 0, 0, 0, 0, 0, 0, 0, 0, 0, 0, 0, 0, 1, 0, 0, 0, 0, 1, 0, 1, 0, 0, 0, 1, 0, 0, 0, 0, 0, 0, 0, 0, 0, 0, 0, 0, 0, 0, 0, 0, 0, 0, 0, 0, 0, 0, 0, 0, 0, 0, 0, 0, 0, 0, 0, 0, 0, 0, 0, 1, 0, 1, 0]"
17,57253,0,“ نظافة سيئة جدا جدا جدا ” . . المكان قذر,"['المكان', 'قذر']","['نظافة', 'سيئة']","['نظافة', 'سيئة', 'المكان', 'قذر']","['قذر', 'المكان', 'سيئة', 'نظافة']","[0, 0, 1, 0, 1, 0, 0, 0, 0, 0, 0, 0, 0, 0, 0, 0, 0, 1, 0]"
18,20720,0,مخيب للأمل . مقبول نوعا ما بس هناك الكثير من الجاليه الهنديه في اللوبي .,"['هناك', 'الكثير', 'من', 'الجاليه', 'الهنديه']","['مخيب', 'للأمل']","['مخيب', 'للأمل']","['للأمل', 'مخيب']","[0, 1, 0, 0, 0, 0, 0, 0, 0, 0, 0, 0, 0, 0, 0, 0, 0, 0, 0, 0, 0, 0, 0, 0, 0, 0]"
19,35826,0,“ سيئ ” . قريب من المترو فقط . الاستقبال مودحم والتسجيل الدخول متاخر والنظافه وعدم احترام,"['الاستقبال', 'مودحم', 'والتسجيل', 'الدخول', 'متاخر', 'والنظافه', 'وعدم', 'احترام']",['سيئ'],"['سيئ', 'الاستقبال', 'مزدحم', 'عدم', 'احترام']","['احترام', 'الاستقبال', 'سيئ']","[0, 0, 1, 0, 0, 0, 0, 0, 0, 0, 0, 0, 0, 0, 0, 0, 0, 0, 0, 0, 0, 0, 0, 0, 0, 0, 0, 1, 0]"
20,69793,0,ضعيف . فقط السعر . موقعه وسط الحواري . نظافه زيرو . خدمات مافيه,"['موقعه', 'وسط', 'الحواري', '.', 'نظافه', 'زيرو', '.', 'خدمات', 'مافيه']",['ضعيف'],"['ضعيف', 'نظافه', 'زيرو']","['نظافه', 'زيرو', 'ضعيف']","[0, 1, 0, 0, 0, 0, 0, 0, 0, 0, 0, 0, 0, 1, 0, 1, 0, 0, 0, 0, 0, 0]"
21,50100,0,“ ضعيف المستوى مقارنة بين السعر المدفوع والخدمات ” . قربه من مركز المعارض . السعر مقابل الخدمة,"['السعر', 'مقابل', 'الخدمة']","['ضعيف', 'المستوى']","['ضعيف', 'المستوى']","['المستوى', 'ضعيف']","[0, 0, 1, 0, 0, 0, 0, 0, 0, 0, 0, 0, 0, 0, 0, 0, 0, 0, 0, 0, 0, 0, 0, 0, 0, 0, 0, 0, 0, 0, 0, 0]"
22,36483,0,“ مخيب للامل بشده ” . لاشيء . خدمات ومكان سيء للغايه وسكن غير نظيف,"['خدمات', 'ومكان', 'سيء', 'للغايه', 'وسكن', 'غير', 'نظيف']","['ومكان', 'سي']","['مخيب', 'للامل', 'مكان', 'سيء', 'سكن', 'غير', 'نظيف']","['ومكان', 'نظيف', 'سيء', 'غير']","[0, 0, 0, 0, 0, 0, 0, 0, 0, 0, 0, 0, 0, 0, 0, 0, 0, 1, 0, 0, 0, 0, 0, 0, 1, 1, 0]"
23,80536,0,“ سيئة جدا جدا جدا ” . لا شيء . كل شيء,"['كل', 'شيء']","['سيئة', 'جدا']","['سيئة', 'جدا', 'جدا']","['سيئة', 'جدا']","[0, 0, 1, 0, 0, 0, 0, 0, 0, 0, 0, 0, 0, 0, 0, 0, 0, 0]"
24,61691,0,“ 6 . 5 ” . . التاخيرعند الدخول للغرفهوعند الخروج استعجال الى درجه الإزعاج وقله الأدب,"['التاخيرعند', 'الدخول', 'للغرفهوعند', 'الخروج', 'استعجال', 'الى', 'درجه', 'الإزعاج', 'وقله', 'الأدب']","['الإزعاج', 'وقله', 'الأدب']","['التاخيرعند', 'الدخول', 'الإزعاج', 'قله', 'الأدب']","['الأدب', 'الإزعاج', 'الدخول', 'التاخيرعند', 'وقله']","[0, 0, 0, 0, 0, 0, 0, 0, 0, 0, 1, 1, 0, 0, 0, 0, 0, 0, 1, 1, 0, 0, 0, 0, 0, 0, 0, 0, 0, 0, 0, 0, 0, 0]"
25,61640,0,ضعيف جدا . رغم زحمه الحوض السباحه كان تعاون لايف جارد للاطفال مجهود كبير يشكرون عليه . مر اسبوع وقيمه التامين لم ترجع مع العلم موظف الاستقبال حسن اكد عند الخروج يرجع التامين حمام السباحه بدون لايف جارد ومتسخ المخصص للسيدات,"['زحمه', 'الحوض', 'السباحه', 'ومتسخ', 'المخصص', 'للسيدات']","['ضعيف', 'جدا']","['ضعيف', 'جدا', 'قيمه', 'التامين', 'لم', 'ترجع']","['جدا', 'ضعيف']","[0, 1, 0, 0, 0, 0, 0, 0, 0, 0, 0, 0, 0, 0, 0, 0, 0, 0, 0, 0, 0, 0, 0, 0, 0, 0, 0, 0, 0, 0, 0, 0, 0, 0, 0, 0, 0, 0, 0, 0, 0, 0, 0, 0, 0, 0, 0, 0, 0, 0, 0, 0, 0, 0, 0, 0, 0, 0, 0, 0, 0, 0, 0, 0, 0, 0, 0, 0, 0]"
26,100175,0,“ تجربة مريعة للفندق وسيئة ” . لا شيء اعجبني . فندق سيء جدا من ناحية الموقع والمواصلات سيئة جدا جدا ولا انصح السكن فيه أبدا والفطور سيء خدمة الغرف لا يردون . على المكالمات,"['فندق', 'سيء', 'جدا', 'من', 'ناحية', 'الموقع', 'والمواصلات', 'سيئة', 'والفطور', 'سيء', 'خدمة', 'الغرف', 'لا', 'يردون']","['تجربة', 'مريعة']","['تجربة', 'مريعة', 'للفندق', 'وسيئة', 'فندق', 'سيء', 'المواصلات', 'سيئة', 'الفطور', 'سيء', 'خدمة', 'الغرف', 'لا', 'يردون']","['لا', 'يردون', 'فندق', 'خدمة', 'سيئة', 'سيء', 'الغرف', 'تجربة', 'مريعة']","[0, 0, 1, 0, 1, 0, 0, 0, 1, 0, 1, 0, 0, 0, 1, 0, 0, 0, 1, 1, 0, 0, 0, 0, 0, 0, 0, 0, 0, 0, 0, 1, 0, 0, 0, 0, 0, 0, 1, 0, 0, 0, 0, 0, 0, 0, 0, 0, 0, 1, 1, 0, 0, 0, 1, 1, 0, 0, 0, 0, 0, 0]"
27,90665,0,ضعيف . . صعب الوصول للفندق . . لا يوجد خدمات قريبه من الفندق . . زحمة السيارات يعني الواحد يبيله ساعه علشان يوصل للفندق او يطلع منه . . المنظر على الخور عادي جداا ومب حلو . . خدمات الغرف بطيئه والواي فاي بطيئ,"['صعب', 'الوصول', 'للفندق', '.', '.', 'لا', 'يوجد', 'خدمات', 'قريبه', 'من', 'الفندق', '.', '.', 'زحمة', 'السيارات.', '.', 'خدمات', 'الغرف', 'بطيئه', 'والواي', 'فاي', 'بطيئ']","['صعب', 'الوصول', 'للفندق', '.']","['ضعيف', 'صعب', 'الوصول', 'ا', 'يوجد', 'خدمات', 'قريبه', 'زحمة', 'السيارات', 'خدمات', 'الغرف', 'بطيئه', 'والواي', 'فاي', 'بطيئ']","['الوصول', 'قريبه', 'يوجد', 'بطيئه', 'والواي', 'فاي', '.', 'بطيئ', 'الغرف', 'صعب', 'زحمة', 'للفندق', 'خدمات']","[0, 0, 1, 1, 1, 0, 0, 0, 0, 0, 1, 1, 0, 1, 1, 0, 1, 0, 0, 0, 0, 1, 1, 1, 0, 0, 0, 0, 0, 0, 0, 0, 0, 0, 0, 0, 0, 0, 0, 0, 0, 0, 0, 0, 1, 1, 0, 0, 0, 0, 0, 0, 0, 0, 0, 0, 0, 1, 1, 1, 0, 0, 0, 1, 0, 0, 0, 0, 1, 1, 0]"
28,19384,0,“ عار على الفنادق والسعر جددا حرام في الفندق ” . لا شيء اعجبني الفندق جددا سيء .,"['لا', 'شيء', 'اعجبني', 'الفندق', 'جددا', 'سيء']","['جددا', 'سيء']","['عار', 'على', 'الفنادق', 'السعر', 'جدا', 'حرام', 'الفندق', 'جدا', 'سيء']","['جددا', 'الفندق', 'سيء']","[0, 0, 0, 0, 0, 0, 0, 0, 0, 1, 0, 0, 0, 0, 0, 0, 0, 0, 0, 0, 0, 0, 1, 0, 1, 0, 0]"
29,33888,0,“ فندق فاشل ” . موقعه شبه جيد لاكن لايوجد مواقف سيارات . الكهرب طافي من 10 م الى 1 والمطعم الساعه 10 مايردون يقولون خلاص قفلنا والحجز شامل الافطار وطلبت فطور وجاب معه فاتوره يقول من بعد الساعه 9 بفلوس فندق مهزله,"['موقعه', 'شبه', 'جيد', 'لاكن', 'لايوجد', 'مواقف', 'سيارات', '.', 'الكهرب', 'طافي', 'من', '10', 'م', 'الى', '1', 'والمطعم']","['فندق', 'فاشل']","['فندق', 'فاشل', 'لايوجد', 'مواقف', 'سيارات', 'الكهرب', 'طافي']","['الكهرب', 'لايوجد', 'مواقف', 'طافي', 'سيارات', 'فاشل', 'فندق']","[0, 0, 1, 1, 0, 0, 0, 0, 0, 0, 0, 0, 1, 1, 1, 0, 0, 0, 0, 1, 0, 0, 0, 0, 0, 0, 0, 0, 0, 0, 0, 0, 0, 0, 0, 0, 0, 0, 0, 0, 0, 0, 0, 0, 0, 0, 0, 0, 0, 0, 0, 0, 0, 0, 0, 0, 0, 0, 0, 0, 0, 0, 1, 0, 0, 0]"
30,61675,0,“ لا يستحق ” . لايوجد . الفندق من أسواء الفنادق التي سكنت بها مع الآسف حجزت عندهم 7 أيام 5 أيام لصديق ويومين لي ولكن تفاجئنا بوجود أعمال صيانه وأزعاج كبير جدا مما سبب لي حرج كبير مع صديقي في شهر العسل وبعدما طلب تغيير الفندق رفضوا أسترجاع المتبقي من المال وخرج من الفندق وثلاث ليالي راحت كذا المفترض من الفندق أن يسترجع المبلغ بسبب عدم ذكره لأعمال الصيانه حتى رفض تغيير الغرفة فندق سيء جدا لا أنصح به,"['وجود', 'أعمال', 'صيانه', 'وأزعاج', 'كبير', 'جدا']","['لا', 'يستحق', 'من', 'أسواء', 'الفنادق']","['لا', 'يستحق', 'لايوجد', 'الفندق', 'من', 'أسواء', 'الفنادق', 'أزعاج', 'كبير', 'جدا', 'فندق', 'سيء', 'جدا', 'لا', 'أنصح', 'به']","['كبير', 'جدا', 'يستحق', 'الفنادق', 'لا', 'من', 'أسواء']","[0, 0, 1, 1, 0, 0, 0, 0, 0, 0, 1, 1, 1, 0, 0, 0, 0, 0, 0, 0, 0, 0, 0, 0, 0, 0, 0, 0, 0, 0, 0, 0, 0, 0, 0, 0, 0, 0, 0, 0, 0, 0, 0, 0, 0, 0, 0, 0, 0, 0, 1, 0, 0, 0, 0, 0, 0, 1, 0, 0, 0, 0, 0, 0, 0, 0, 0, 0, 0, 0, 0, 0, 0, 0, 0, 0, 0, 1, 0, 0, 0, 0, 1, 0, 0, 0, 0, 0, 0, 0, 0, 0, 0, 1, 0, 0, 0, 0, 0, 0, 0, 0, 0, 0, 0, 0, 0, 0, 0, 0, 0, 0, 0, 0, 0, 0, 0, 0, 0, 0, 1, 0, 0, 0, 0]"
31,40832,0,مخيب للأمل . لاشيئ . الانترنت واي فاي فقط لجهاز واحدطلبت الفني و لم ياتني الا بعد عدة اتصالات عند الخروج من الفندق اصدرولي فاتوره بمبلغ زائد و اراد عامل الاستقبال مني ان ادفع و حينما الحيت عليه بلمراجعه و اريته جميع فواتيري اتضح انه مخطئ وان لي لدى الفتدق مبلغ زائد لم يكلف نفسه باعتذارمع ان لي اكثر من زياره للفندق في السابق و لم تحدث مثل هذه المشاكل,"['واي', 'فاي', 'فقط', 'لجهاز', 'واحد']","['مخيب', 'للأمل']","['مخيب', 'للأمل', 'الانترنت', 'واي', 'فاي', 'فقط', 'لجهاز', 'واحد', 'اصدرولي', 'فاتوره', 'بمبلغ', 'زائد']","['فاي', 'فقط', 'واي', 'لجهاز', 'واحد', 'للأمل', 'مخيب']","[0, 1, 0, 0, 0, 0, 0, 0, 0, 0, 0, 1, 1, 1, 0, 0, 1, 0, 0, 0, 0, 0, 0, 0, 0, 0, 0, 0, 0, 0, 0, 0, 0, 0, 0, 0, 0, 0, 0, 0, 0, 0, 0, 0, 0, 0, 0, 0, 0, 0, 0, 0, 0, 0, 0, 0, 0, 0, 0, 0, 0, 0, 0, 0, 0, 0, 0, 0, 0, 0, 0, 0, 0, 0, 0, 0, 0, 0, 0, 0, 0, 0, 0, 0, 0, 0, 0, 0, 0, 0, 0, 0, 0, 0, 0, 0, 0, 0, 0, 0, 0, 0, 0, 0, 0, 0, 0, 0, 0, 0]"
32,10888,0,“ لا ” . لم يعجبني شي . استقبال مدير الفندق سيا جدا,"['لم', 'يعجبني', 'شي']","['لم', 'يعجبني', 'شي']","['لا', 'لم', 'يعجبني', 'مدير', 'الفندق', 'سيء']","['يعجبني', 'لم', 'شي']","[0, 0, 0, 0, 0, 1, 1, 1, 0, 0, 0, 0, 0, 0, 0, 0, 0, 0]"
33,77904,0,“ حاربوا الغلا ” . لايوجد . الاسعار,['الاسعار'],"['حاربوا', 'الغلا']","['الغلا', 'لا', 'يوجد']",['الغلا'],"[0, 0, 0, 0, 0, 0, 0, 0, 0, 0, 0, 0, 0]"
34,30517,0,“ مشي حالك ” . طاقم العمل فقط . الفندق يوجد صيانه في اكثر الغرف نع ازعاج دائم من قبل المقاول,"['الفندق', 'يوجد', 'صيانه', 'في', 'اكثر', 'الغرف', 'نع', 'ازعاج', 'دائم', 'من', 'قبل', 'المقاول']","['مشي', 'حالك']","['ازعاج', 'دائم']","['ازعاج', 'دائم']","[0, 0, 0, 0, 0, 0, 0, 0, 0, 0, 0, 0, 0, 0, 0, 0, 0, 0, 0, 0, 0, 0, 1, 1, 0, 0, 0, 0, 0]"
35,47727,0,مخيب للأمل . . العمال البنقاليه يفتحون الغرفه بدون اذن النزيلوسبق ان فتحو الغرفه ع اطفالي بدون اذن وتم تنبيه الاستقبال,"['.', 'العمال', 'البنقاليه', 'يفتحون', 'الغرفه', 'بدون', 'اذن']","['مخيب', 'للأمل']","['مخيب', 'للأمل', 'العمال', 'البنقاليه', 'يفتحون', 'الغرفه', 'بدون', 'اذن']","['البنقاليه', 'بدون', 'العمال', 'يفتحون', 'اذن', 'الغرفه', 'للأمل', 'مخيب']","[0, 1, 0, 0, 0, 0, 0, 0, 0, 0, 0, 0, 1, 1, 0, 0, 0, 1, 0, 0, 1, 0, 0, 0, 0, 0, 0, 0, 0, 0, 1, 0, 0, 0, 0, 0, 1, 0, 0, 0, 0, 0, 0]"
36,55045,0,“ اقامه لن تتكرر أبدا لو بالمجان ” . لا شيء . مرافق الغرفه متسخه الفرش و الموكيت و غير مزوده بمايكرويف ولا هيتر و الغلاي الخاص بالماء صديء رائحة دورة المياه في غرفة النوم كريهه الاناره كئيبه الموقع بعيد جدا عن المواقع السياحيه . تجربه سيئه جدا,"['مرافق', 'الغرفه', 'متسخه', 'الفرش', 'و', 'الموكيت', 'و', 'غير', 'مزوده', 'بمايكرويف', 'ولا', 'هيتر', 'و', 'الغلاي', 'الخاص', 'بالماء', 'صديء', 'رائحة', 'دورة', 'المياه', 'في', 'غرفة', 'النوم', 'كريهه', 'الاناره', 'كئيبه', 'الموقع', 'بعيد', 'جدا', 'عن', 'المواقع', 'السياحيه']","['تجربه', 'سيئه', 'جدا']","['اقامه', 'لن', 'تتكرر', 'أبدا', 'الغرفه', 'متسخه', 'الفرش', 'غير', 'مزوده', 'بمايكرويف', 'الغلاي', 'الخاص', 'بالماء', 'صديء', 'رائحة', 'دورة', 'المياه', 'في', 'غرفة', 'النوم', 'كريهه', 'الاناره', 'كئيبه', 'الموقع', 'بعيد', 'جدا', 'عن', 'المواقع', 'السياحيه', 'تجربه', 'سيئه', 'جدا']","['كئيبه', 'المياه', 'السياحيه', 'غرفة', 'الفرش', 'كريهه', 'الغلاي', 'مزوده', 'الغرفه', 'رائحة', 'دورة', 'المواقع', 'غير', 'متسخه', 'بعيد', 'النوم', 'الاناره', 'بالماء', 'عن', 'الموقع', 'في', 'الخاص', 'صديء', 'بمايكرويف', 'جدا', 'سيئه', 'تجربه']","[0, 0, 0, 0, 0, 0, 0, 0, 0, 0, 0, 0, 0, 0, 0, 0, 0, 0, 0, 1, 1, 1, 0, 0, 0, 0, 0, 0, 0, 1, 1, 0, 1, 1, 1, 1, 0, 0, 0, 0, 0, 0, 0, 0, 0, 0, 0, 0, 1, 1, 1, 0, 1, 0, 0, 0, 1, 1, 0, 0, 0, 1, 0, 0, 0, 1, 1, 0, 0, 0, 1, 0, 0, 1, 0, 0, 1, 1, 0, 0, 1, 0, 1, 0, 0, 0, 0]"
37,101628,0,“ توهتنا وحجزا ” . الموقع ممتاز . النظافه غير ممتازة,"['النظافه', 'غير', 'ممتازة']","['النظافه', 'غير', 'ممتازة']","['النظافه', 'غير', 'ممتازة']","['ممتازة', 'غير', 'النظافه']","[0, 0, 0, 0, 0, 0, 0, 0, 0, 0, 0, 0, 1, 0, 0, 0, 0, 1, 1, 0, 0]"
38,4779,0,مخيب للأمل . . الأوتيل كان قديم جدا وغير نظيف كنت حاجزه 3 غرف . غرفه كان غطاء السرير عليه بقع اشتكيت سوو اب قريد لسويت والوضع سئ كمان . اعطيه 3 نجوم او اقل,"['قديم', 'جدا', 'وغير', 'نظيف']","['وغير', 'نظيف']","['مخيب', 'للأمل', 'الأوتيل', 'كان', 'قديم', 'جدا', 'غير', 'نظيف', 'الوضع', 'سئ']","['وغير', 'قديم', 'نظيف', 'جدا']","[0, 0, 0, 0, 0, 0, 0, 0, 0, 0, 1, 0, 0, 0, 0, 1, 0, 0, 0, 0, 0, 0, 0, 0, 0, 0, 0, 0, 0, 0, 0, 0, 0, 0, 0, 0, 0, 0, 0, 0, 0, 0, 0, 0, 0, 0, 0, 0, 0, 0, 0, 0, 0, 0, 0]"
39,65737,0,مخيب للأمل . السرير . موظف الاستقبال,"['السرير', '.', 'موظف', 'الاستقبال']","['مخيب', 'للأمل']","['مخيب', 'للأمل']","['للأمل', 'مخيب']","[0, 1, 0, 0, 0, 0, 0, 0, 0, 0, 0, 0, 0]"
40,31964,0,مخيب للأمل . . سمعته اكبر منه والشاطئ جدا صغير والغرف ليست على البحر,"['الشاطئ', 'جدا', 'صغير', 'والغرف', 'ليست', 'على', 'البحر']","['مخيب', 'للأمل']","['مخيب', 'للأمل', 'الشاطئ', 'جدا', 'صغير', 'الغرف', 'ليست', 'على', 'البحر']","['البحر', 'ليست', 'صغير', 'على', 'الشاطئ', 'جدا', 'للأمل', 'مخيب']","[0, 1, 0, 0, 0, 0, 0, 0, 0, 0, 0, 0, 0, 0, 0, 0, 0, 0, 1, 0, 0, 0, 0, 0, 1, 0, 0, 0]"
41,7644,0,مخيب للأمل . النقل من والى الحرم . النظافة وعدم وجود مطبخ ( يوجد فقط غلاية ماء ),"['النظافة', 'وعدم', 'وجود', 'مطبخ']","['مخيب', 'للأمل']","['مخيب', 'للأمل', 'عدم', 'وجود', 'مطبخ']","['مطبخ', 'وجود', 'للأمل', 'مخيب']","[0, 1, 0, 0, 0, 0, 0, 0, 0, 0, 0, 0, 0, 0, 0, 0, 0, 0, 1, 1, 0, 0, 0, 0, 0, 0, 0, 0]"
42,66545,0,“ تعامل موظفيهم رديئ لا يصل لمستوى خمس نجوم وخصوصا الأمن لديهم ” . مساحة الفيلا والتكييف والواي فاي . الأمن لديهم شكاك لا يعمل بحرفية ويلبس الثوب وبعضهم لبس الأمن بشكل مقرف ويتعامل معك وأنت معك عائلتك بدون إحترام عكس من يحظر مع صديقته المطعم متواضع جدا بالأكل وكذلك تعامل موظفي المطعم يتغير معك حسب إذا كنت ساكن أم لا المكان ليس بالمستوى المتوقع وكذلك دورات المياه لديهم بالفلل سيئة السباكة والبانيو يهرب مياة من كل مكان النظافة في بعض الأماكن بالفيلا سيئة مثل مجاري الشبابيك فلو تفتح شباك الحمام مثلا تنهال عليك الأتربة ومراوح الشفط مليانه غبار الفندق لا يصل لمستوى خمس نجوم الإهمال من الإدارة واضح والمهم لديهم تحصيل الأموال بأي طريقة .,"['مساحة', 'الفيلا', 'والتكييف', 'والواي', 'فاي', '.', 'الأمن', 'لديهم', 'شكاك', 'لا', 'يعمل', 'بحرفية', 'تعامل', 'موظفي', 'المطعم', 'يتغير', 'معك', 'حسب', 'إذا', 'كنت', 'ساكن', 'أم', 'لا', 'دورات', 'المياه', 'لديهم', 'بالفلل', 'سيئة', 'السباكة', 'والبانيو', 'يهرب', 'مياة', 'من', 'كل', 'مكان', 'النظافة']","['لا', 'يصل', 'لمستوى', 'خمس', 'نجوم']","['تعامل', 'موظفيهم', 'رديئ', 'الأمن', 'لديهم', 'شكاك', 'لا', 'يعمل', 'بحرفية', 'مقرف', 'بدون', 'إحترام', 'سيئة', 'السباكة', 'النظافة', 'في', 'بعض', 'الأماكن', 'بالفيلا', 'سيئة', 'الإهمال']","['النظافة', 'الأمن', 'لا', 'شكاك', 'سيئة', 'لديهم', 'يعمل', 'السباكة', 'بحرفية', 'تعامل']","[0, 0, 1, 0, 0, 0, 0, 1, 0, 0, 0, 0, 0, 0, 0, 0, 0, 0, 1, 0, 0, 0, 0, 0, 0, 0, 0, 0, 0, 0, 0, 0, 0, 0, 0, 0, 0, 1, 0, 1, 1, 1, 0, 0, 0, 0, 0, 0, 0, 0, 0, 0, 0, 0, 0, 0, 0, 0, 0, 0, 0, 0, 0, 0, 0, 0, 0, 0, 0, 0, 0, 0, 0, 0, 0, 0, 0, 0, 0, 0, 0, 0, 0, 0, 0, 0, 0, 0, 0, 1, 0, 0, 0, 0, 0, 0, 0, 0, 0, 0, 0, 0, 0, 1, 0, 0, 0, 0, 0, 0, 0, 0, 0, 0, 0, 0, 0, 0, 1, 0, 0, 0, 0, 1, 0, 0, 0, 0]"
43,30340,0,“ لا انصح الاقامه فيه للعائلات ، قد يناسب الشباب فقط ” . . المكان غير نظيف ، الفرشة غير نظيفة الاضاءة ف الشقة سيئة جدا جدا ، خاصه ف الغرف بعض الاغطية ريحتها سجائر الواي فاي كان ضعيف نوعا ما الفطور كان مقبول لكن الادوات كانت مقززة نوعا ما لان بعض الملاعق تلاحظ عليها الصدأ مكان البوفيه اضاءته غير مريحه بالكاد تشوف الاكل ، مثل اضاءة غرف النوم الصفراء,"['المكان', 'غير', 'نظيف', '،', 'الفرشة', 'غير', 'نظيفة', 'الاضاءة', 'ف', 'الشقة', 'سيئة', 'جدا', 'جدا', 'الواي', 'فاي', 'كان', 'ضعيف', 'نوعا', 'بعض', 'الملاعق', 'تلاحظ', 'عليها', 'الصدأ']","['المكان', 'غير', 'نظيف']","['لا', 'انصح', 'الاقامه', 'فيه', 'للعائلات', 'المكان', 'غير', 'نظيف', 'الفرشة', 'غير', 'نظيفة', 'الاضاءة', 'ف', 'الشقة', 'سيئة', 'جدا', 'جداالاغطية', 'ريحتها', 'سجائر', 'الواي', 'فاي', 'كان', 'ضعيف', 'الملاعق', 'تلاحظ', 'عليها', 'الصدأ']","['تلاحظ', 'الاضاءة', 'الواي', 'الملاعق', 'الفرشة', 'نظيف', 'الصدأ', 'الشقة', 'عليها', 'ف', 'نظيفة', 'المكان', 'سيئة', 'كان', 'فاي', 'ضعيف', 'غير', 'جدا']","[0, 0, 0, 0, 0, 0, 0, 0, 0, 0, 0, 0, 0, 0, 0, 0, 0, 0, 0, 0, 0, 0, 0, 0, 1, 1, 0, 0, 0, 0, 1, 1, 0, 0, 0, 0, 1, 0, 0, 0, 1, 0, 0, 0, 0, 0, 0, 0, 0, 1, 0, 0, 0, 0, 0, 0, 0, 0, 0, 0, 0, 0, 1, 1, 1, 0, 0, 0, 0, 0, 1, 0, 0, 0, 0, 0, 1, 0, 0, 0, 0, 0, 0, 0, 0, 0, 0, 1, 1, 0, 0, 0, 0, 0, 0, 0, 0, 0, 1, 0, 0, 0, 0, 0, 0, 0, 0, 0, 0, 0, 0, 0, 0, 0, 0, 0, 0]"
44,60920,0,ضعيف . . رائحة الغرفة كريهة و مخزن الملابس رائحته كريهة الحمام صغير جدا و مجفف الشعر ( السشوار ) لا يعمل و قد يسبب حريق فالغرفه,"['رائحة', 'الغرفة', 'كريهة', 'و', 'مخزن', 'الملابس', 'رائحته', 'كريهة', 'الحمام', 'صغير', 'جدا', 'و', 'مجفف', 'الشعر', 'لا', 'يعمل', 'و', 'قد', 'يسبب', 'حريق']",['ضعيف'],"['ضعيف', 'رائحة', 'الغرفة', 'كريهة', 'مخزن', 'الملابس', 'رائحته', 'كريهة', 'الحمام', 'صغير']","['مخزن', 'الغرفة', 'الملابس', 'الحمام', 'رائحته', 'صغير', 'كريهة', 'رائحة', 'ضعيف']","[0, 1, 0, 0, 1, 0, 0, 0, 0, 1, 0, 0, 1, 0, 0, 1, 0, 0, 1, 0, 0, 0, 1, 0, 0, 0, 0, 0, 0, 0, 0, 0, 0, 0, 0, 0, 0, 0, 0, 0, 0, 0, 0, 0, 0, 0]"
45,100242,0,ضعيف جدا . . نااموىس متوحش في كل مكان .,"['نااموىس', 'متوحش']",['نااموىس'],"['ضعيف', 'جدا', 'نااموىس', 'متوحش']","['متوحش', 'نااموىس']","[0, 0, 0, 0, 0, 0, 1, 1, 1, 1, 1, 0, 0, 0, 0, 0]"
46,94160,0,ضعيف . لايوجد . السعر غالي جدا بالنسبه لشقق فندقيه والافطار سيء جدا والمواقف لا تتوفر وحجزي كان لغرفتين وصاله لكن للأسف اعطوني غرفتين وصالتين مستقلات التكييف مزعج,"['السعر', 'غالي', 'جدا', 'بالنسبه', 'لشقق', 'فندقيه', 'والافطار', 'سيء', 'جدا', 'والمواقف', 'لا', 'تتوفر']",['ضعيف'],"['ضعيف', 'السعر', 'غالي', 'الافطار', 'سيء', 'التكييف', 'مزعج']","['سيء', 'غالي', 'السعر', 'ضعيف']","[0, 1, 0, 0, 0, 0, 0, 1, 0, 0, 0, 0, 0, 0, 0, 0, 0, 0, 0, 0, 1, 0, 0, 0, 0, 0, 0, 0, 0, 0, 0, 0, 0, 0, 0, 0, 0, 0, 0, 0, 0, 0, 0, 0, 0, 0, 0, 0, 0, 0, 0, 0, 0, 0, 0, 0, 0]"
47,4635,0,“ عمل ” . ولا شي . الخدمه زباله,"['الخدمه', 'زباله']",['زباله'],"['الخدمه', 'زباله']","['زباله', 'الخدمه']","[0, 0, 0, 0, 0, 0, 0, 0, 0, 0, 0, 1, 1, 0, 0]"
48,59068,0,مخيب للأمل . سرعة الإجراءات . صدى الصوت من الغرف المجاورة,"['صدى', 'الصوت', 'من', 'الغرف', 'المجاورة']","['مخيب', 'للأمل', 'صدى', 'الصوت']","['مخيب', 'للأمل', 'صدى', 'الصوت']","['صدى', 'الصوت', 'للأمل', 'مخيب']","[0, 1, 0, 0, 0, 0, 0, 0, 0, 0, 0, 0, 1, 0, 0, 0, 0, 0, 0, 0, 0, 0]"
49,74825,0,مخيب للأمل . هي نومه والسلام . القفل مكسور الحمام صغير غير معقم السرير تعبان المكيف سبليت,"['الحمام', 'صغير', 'غير', 'معقم']","['هي', 'نومه', 'والسلام']","['مخيب', 'للأمل', 'القفل', 'مكسور', 'الحمام', 'صغير', 'غير', 'معقم']","['صغير', 'غير', 'الحمام', 'معقم']","[0, 0, 0, 0, 0, 0, 0, 0, 0, 0, 0, 0, 0, 0, 0, 0, 0, 0, 1, 1, 1, 0, 0, 0, 0, 0, 0, 0]"
50,48849,1,“ انصح به بشده ” . كل شئ ممتاز . لا شئ,"['كل', 'شئ', 'ممتاز']","['كل', 'شئ', 'ممتاز']","['انصح', 'به', 'كل', 'شئ', 'ممتاز']","['كل', 'شئ', 'ممتاز']","[0, 0, 0, 0, 0, 0, 0, 0, 0, 0, 1, 1, 1, 0, 0, 1, 0]"
51,75720,1,“ جيد جدا ” . السعر مبالغ فيه . النظافة وفساحة الغرف,"['النظافة', 'وفساحة', 'الغرف']","['النظافة', 'وفساحة', 'الغرف']","['جيد', 'جدا', 'النظافة', 'فساحة', 'الغرف']","['النظافة', 'وفساحة', 'الغرف']","[0, 0, 0, 0, 0, 0, 0, 0, 0, 0, 0, 0, 0, 0, 0, 0, 0, 0, 0, 0, 0, 0, 0]"
52,97417,1,“ اجازة قصيره ” . موقع الفندق و تعاون موظفي الاستقبال .,"['موقع', 'الفندق', 'و', 'تعاون', 'موظفي', 'الاستقبال']","['تعاون', 'موظفي']","['تعاون', 'موظفي', 'الاستقبال']","['تعاون', 'موظفي', 'الاستقبال']","[0, 0, 0, 0, 0, 0, 0, 0, 0, 0, 0, 0, 1, 0, 0, 0, 0, 0, 0]"
53,10844,1,“ رحلة جميلة وموقع الفندق كان سبب رئيسي ” . كل شي كان جميل الموقع المرافق سهولة الحركة والوصول الى الجي بي ار ومارينا .,"['كل', 'شي', 'كان', 'جميل', 'سهولة', 'الحركة', 'والوصول']","['كل', 'شي', 'كان', 'جميل']","['رحلة', 'جميلة', 'كل', 'شي', 'كان', 'جميل', 'الموقع', 'المرافق', 'سهولة', 'الحركة']","['كل', 'الحركة', 'كان', 'شي', 'سهولة', 'جميل']","[0, 0, 0, 0, 1, 0, 0, 0, 0, 0, 1, 0, 0, 0, 0, 0, 1, 1, 1, 1, 0, 0, 0, 0, 1, 0, 0, 0, 0, 0, 0, 0, 0, 0, 0, 0, 0, 0, 0, 0, 0]"
54,68050,1,“ الراحة ” . نظيفة ، يوجد بها نصف مطبخ ، عازل صوت ، بلكونه ، مواقف ، قريبة من برج خليفة ودبي مول ، جميلة للعوائل . حجزي لغرفة على برج خليفة ولكن لم يتم منحي هذة الغرفة ، المنطقة في بداية عمران ولكن لا يوجد صوت داخل الغرفة,"['نظيفة', '،', 'يوجد', 'بها', 'نصف', 'مطبخ', '،', 'عازل', 'صوت', '،', 'بلكونه', '،', 'مواقف', '،', 'قريبة', 'من', 'برج', 'خليفة', 'ودبي', 'مول', '،', 'جميلة', 'للعوائل']",['الراحة'],"['الراحة', 'نظيفة', 'عازل', 'صوت', 'قريبة', 'من', 'برج', 'خليفة', 'ودبي', 'مول', 'جميلة', 'للعوائل']","['قريبة', 'جميلة', 'صوت', 'عازل', 'ودبي', 'للعوائل', 'نظيفة', 'خليفة', 'برج', 'من', 'مول', 'الراحة']","[0, 0, 0, 0, 0, 0, 0, 1, 0, 0, 0, 0, 0, 0, 0, 0, 1, 1, 0, 0, 0, 0, 0, 0, 0, 1, 0, 1, 1, 0, 0, 0, 0, 1, 0, 1, 0, 0, 0, 0, 0, 0, 0, 0, 0, 0, 0, 1, 0, 0, 0, 0, 0, 0, 0, 0, 0, 0, 0, 0, 0, 0, 0, 0, 0, 0, 0, 0, 0, 0, 0, 1, 0, 0, 0, 0, 0]"
55,62996,1,“ كانت إقامة ممتعة وسأقوم بتكرار الزيارة مرة أخرى بإذن الله ” . روعة تصميم المكان والخصوصية العالية المتوفرة ومستوى النظافة الرفيع والهدوء وتوفر ألعاب الأطفال ، والتعامل الراقي من جميع أفراد طاقم العمل . . كل شيء كان في قمة الروعة,"['روعة', 'تصميم', 'المكان', 'والخصوصية', 'العالية', 'مستوى', 'النظافة', 'الرفيع', 'والهدوء', 'وتوفر', 'ألعاب', 'الأطفال', 'التعامل', 'الراقي', 'من', 'جميع', 'أفراد', 'طاقم', 'العمل']","['إقامة', 'ممتعة']","['إقامة', 'ممتعة', 'سأقوم', 'بتكرار', 'الزيارة', 'روعة', 'تصميم', 'المكان', 'والخصوصية', 'مستوى', 'النظافة', 'الرفيع', 'الهدوء', 'توفر', 'ألعاب', 'الأطفال', 'التعامل', 'الراقي', 'كل', 'شيء', 'كان', 'في', 'قمة', 'الروعة']","['الرفيع', 'النظافة', 'الأطفال', 'مستوى', 'ألعاب', 'والخصوصية', 'روعة', 'التعامل', 'المكان', 'تصميم', 'الراقي', 'ممتعة', 'إقامة']","[0, 0, 0, 0, 1, 0, 1, 0, 0, 0, 0, 0, 0, 0, 0, 0, 0, 0, 0, 0, 0, 0, 0, 0, 1, 0, 1, 0, 0, 0, 0, 0, 0, 0, 0, 0, 0, 0, 0, 0, 1, 0, 0, 0, 0, 0, 0, 0, 0, 0, 0, 1, 0, 0, 0, 0, 0, 0, 0, 0, 0, 0, 0, 0, 0, 0, 0, 0, 0, 0, 0, 0, 0, 0, 0, 1, 0, 0]"
56,85069,1,“ العطاس الهاشمي ” . الخدمات ممتاز جدآ .,"['الخدمات', 'ممتاز', 'جدآ']","['قمة', 'الروعة']","['الخدمات', 'ممتاز', 'جدآ', 'كل', 'شيء', 'كان', 'في', 'قمة', 'الروعة']","['جدآ', 'ممتاز', 'الخدمات', 'الروعة', 'قمة']","[0, 0, 0, 0, 0, 0, 0, 0, 0, 0, 0, 1, 1, 1, 0, 0]"
57,13291,1,“ كانت رحله ممتعه ” . موقع الفندق بين الشارقه ودبي .,"['موقع', 'الفندق', 'بين', 'الشارقه', 'ودبي']","['رحله', 'ممتعه']","['كانت', 'رحله', 'ممتعه']","['رحله', 'ممتعه']","[0, 0, 0, 0, 1, 0, 1, 0, 0, 0, 0, 0, 0, 0, 0, 0, 1, 0, 0, 0, 0]"
58,66430,1,استثنائي . صراحه الموقع جدا هادي والفندق انصح فيه للعوائل ونظيف واستاف جدا رائع والنظافه ممتازه الفندق راح ارجع له باذن الله . لا شيء,"['الموقع', 'جدا', 'هادي', 'نظيف', 'واستاف', 'جدا', 'رائع', 'والنظافه', 'ممتازه']","['ممتازه', 'الفندق']","['استثنائي', 'الموقع', 'جدا', 'هادي', 'نظيف', 'جدا', 'رائع', 'والنظافه', 'ممتازه', 'الفندق', 'راح', 'ارجع', 'له']","['رائع', 'الموقع', 'ممتازه', 'والنظافه', 'نظيف', 'هادي', 'جدا', 'الفندق']","[0, 0, 0, 0, 0, 0, 0, 0, 0, 1, 0, 0, 0, 0, 0, 0, 0, 0, 0, 0, 1, 0, 0, 0, 0, 0, 1, 0, 0, 0, 1, 1, 0, 0, 0, 0, 0, 0, 0, 0, 0, 0, 0, 0, 0, 0]"
59,33671,1,رائع . الخدمات الطعام . لاشيئ,"['الخدمات', 'الطعام']","['الخدمات', 'الطعام']","['رائع', 'الخدمات', 'الطعام']","['الخدمات', 'الطعام']","[0, 0, 0, 0, 0, 0, 0, 0, 0, 0, 0, 0]"
60,64085,1,جيد . الهدوء والموقع والفطور . تخطيط الشقه سيئ وموقع التلفزيون ماله داعي,"['الهدوء', 'والموقع', 'والفطور']",['الهدوء'],"['جيد', 'الهدوء', 'الموقع', 'الفطور']",['الهدوء'],"[0, 0, 0, 0, 0, 0, 0, 0, 0, 0, 0, 0, 0, 0, 0, 0, 0, 0, 0, 0, 0, 0, 0, 0, 0]"
61,102473,1,“ والد اواستوريا مذهل ” . الخدمة جدا ممتازة . بعض الصراخ الصادر من نزلاء الفندق في المسبح مساء,"['الخدمة', 'جدا', 'ممتازة']","['الخدمة', 'جدا', 'ممتازة']","['الخدمة', 'جدا', 'ممتازة']","['ممتازة', 'الخدمة', 'جدا']","[0, 0, 0, 0, 0, 0, 0, 0, 0, 0, 0, 0, 0, 0, 1, 0, 0, 0, 0, 0, 0, 0, 0, 0, 0, 0, 0, 0, 0, 0, 0]"
62,72449,1,جيد . الموقع ومساحة الشقة والنظافه . نظام تسجيل الخروج بدري شوي ابواب الغرف بدون مفتاح يعني ماتقدر تصكر عليك الغرفه,"['الموقع', 'ومساحة', 'الشقة', 'والنظافه']",['النظافه'],"['جيد', 'الموقع', 'ومساحة', 'الشقة', 'والنظافه']","['الشقة', 'الموقع', 'ومساحة', 'والنظافه']","[0, 0, 0, 0, 0, 0, 0, 0, 0, 0, 0, 0, 0, 0, 0, 0, 0, 0, 0, 0, 0, 0, 0, 0, 0, 0, 0, 0, 0, 0, 0, 0, 0, 0, 0, 0, 0, 0, 0]"
63,7983,1,جيد . الفندق جيد ويوجد سوبر ماركت قريبه منه . موظفي الاستقبال سيئينالشك ان بطيئ جدا اكثر من نصف ساعه الموظف كأنه رجل الي مافيه اي مرونه في التعامل,"['الفندق', 'جيد', 'ويوجد', 'سوبر', 'ماركت', 'قريبه', 'منه']","['الفندق', 'جيد']","['جيد', 'الفندق', 'جيد', 'سوبر', 'ماركت', 'قريبه']","['قريبه', 'ماركت', 'جيد', 'الفندق', 'سوبر']","[0, 1, 0, 0, 0, 1, 0, 0, 1, 1, 0, 1, 0, 0, 0, 0, 0, 0, 0, 0, 0, 0, 0, 0, 0, 0, 0, 0, 0, 0, 0, 0, 0, 0, 0, 0, 0, 0, 0, 0, 0, 0, 0, 0, 0, 0, 0, 0]"
64,90868,1,جيد . الموقع رائع جدا ولكن يعيبه عدم وجود المناديل داخل الغرف . عدم وجود المناديل داخل الغرف,"['الموقع', 'رائع', 'جدا']","['الموقع', 'رائع', 'جدا']","['جيد', 'الموقع', 'رائع', 'جدا']","['رائع', 'الموقع', 'جدا']","[0, 0, 0, 0, 0, 1, 0, 0, 0, 0, 0, 0, 0, 0, 0, 0, 0, 0, 0, 0, 0, 0, 0, 0, 0, 0, 0, 0]"
65,7794,1,جيد . الهدوءالقرب من الحرموجبة الإفطار . الاستقبال ليس كالمطلوب وخاصة طلب الإيجار مقدما . بالنسبة لمواقف السيارات أحس فيه تلاعب من حراس الأمن . بالنسبة للسعر غالي بالمقارنة بالفنادق التي حول الفندق حيث أخبرني أحد الزملاء أنه استأجر غرفة بأربعة أسرة بمبلغ 400 ريال ومثل غرفتي ب 300 ريال يعني زيادة 150 ريال في كل ليلة .,"['لهدوءالقرب', 'من', 'الحرموجبة', 'الإفطار']",['الهدوء'],"['جيد', 'الهدوء']",['الهدوء'],"[0, 0, 0, 0, 0, 0, 0, 0, 0, 0, 0, 0, 0, 0, 0, 0, 0, 0, 0, 0, 0, 0, 0, 0, 0, 0, 0, 0, 0, 0, 0, 0, 0, 0, 0, 0, 0, 0, 0, 0, 0, 0, 0, 0, 0, 0, 0, 0, 0, 0, 0, 0, 0, 0, 0, 0, 0, 0, 0, 0, 0, 0, 0, 0, 0, 0, 0, 0, 0, 0, 0, 0, 0, 0, 0, 0, 0, 0, 0, 0, 0, 0, 0, 0, 0, 0, 0, 0, 0, 0, 0, 0, 0, 0, 0, 0, 0, 0, 0, 0, 0, 0, 0]"
66,5722,1,“ شقق رائعة و خدمة ممتازة ” . . السعر عالي,"['شقق', 'رائعة', 'و', 'خدمة', 'ممتازة']","['شقق', 'رائعة']","['شقق', 'رائعة', 'خدمة', 'ممتازة']","['ممتازة', 'رائعة', 'شقق', 'خدمة']","[0, 0, 1, 1, 0, 0, 1, 0, 1, 0, 0, 0, 0, 0, 0, 0, 0]"
67,47393,1,استثنائي . نظافة الغرفة الاستقبال ممتاز خدمات الفندق ممتازة . قوة الواي فاي ضعيفة في الغرفة مع ان الاشارة ممتازة . . اتوقع بسبب الضغط . . اتمنى تقويته في الايام القادمة,"['نظافة', 'الغرفة', 'الاستقبال', 'ممتاز', 'خدمات', 'الفندق', 'ممتازة']",['استثنائي'],"['استثنائي', 'نظافة', 'الغرفة', 'الاستقبال', 'ممتاز', 'خدمات', 'الفندق', 'ممتازة']","['ممتازة', 'نظافة', 'الغرفة', 'الاستقبال', 'ممتاز', 'الفندق', 'خدمات', 'استثنائي']","[0, 1, 0, 1, 0, 0, 0, 0, 0, 0, 1, 1, 0, 0, 0, 1, 0, 0, 0, 0, 0, 0, 0, 0, 0, 0, 0, 0, 0, 0, 0, 0, 0, 0, 1, 0, 0, 0, 0, 0, 0, 0, 0, 0, 0, 0, 0, 0, 0, 0, 0, 0, 0, 0, 0, 0]"
68,23566,1,“ الاقامه الرائعة ” . . السرير صغير الرجاء تكبيير السرير,"['الرجاء', 'تكبيير', 'السرير']","['لاقامه', 'الرائعة']","['الاقامة', 'الرائعة']",['الرائعة'],"[0, 0, 0, 0, 0, 0, 0, 0, 0, 0, 0, 0, 0, 0, 0, 0, 0, 0, 0, 0, 0, 0]"
69,83849,1,“ سعره جيد ووجود الخدمات بقربه ” . . الافطار ومكانه ورائحة الممرات بين الغرف وعدم وجود عوازل للصوت,"['الافطار', 'ومكانه']","['سعره', 'جيد']","['سعره', 'جيد', 'وجود', 'الخدمات']","['سعره', 'جيد']","[0, 0, 1, 0, 1, 0, 0, 0, 0, 0, 0, 0, 0, 0, 0, 0, 0, 0, 0, 0, 0, 0, 0, 0, 0, 0, 0, 0, 0, 0, 0, 0, 0, 0, 0, 0, 0, 0]"
70,10813,1,استثنائي . جميل جدا لمن يريد التواجد في الجي بي ار . لا شئ,"['جميل', 'جدا', 'لمن', 'يريد', 'التواجد', 'في', 'الجي', 'بي', 'ار']","['جميل', 'جدا']","['استثنائي', '.', 'جميل', 'جدا']","['جميل', 'جدا']","[0, 0, 0, 1, 0, 0, 0, 0, 0, 0, 0, 0, 0, 0, 0, 0, 0, 0, 0, 0]"
71,10779,1,“ فندق رووعه ” . الموقع والطراز والطاقم وكل شي تمام . ولا شي,"['وكل', 'شي', 'تمام']",['رووعه'],"['فندق', 'رووعه', 'الموقع', 'والطراز', 'والطاقم', 'وكل', 'شي', 'تمام']","['تمام', 'شي', 'وكل', 'رووعه']","[0, 0, 0, 1, 1, 0, 0, 0, 0, 0, 0, 0, 0, 0, 0, 0, 0, 0, 1, 1, 0, 0, 0, 1, 0]"
72,4623,1,ممتاز . Everything . Nothing,['Everything'],['ممتاز'],['ممتاز'],['ممتاز'],"[0, 1, 0, 0, 0, 0, 0, 0, 0, 0, 0, 0]"
73,28552,1,“ رحلة تعبدية مع الوالدة الله يحفظها ” . مكان متميز من جميع النواحي وغالبا اسكن فيه في غير ايام المواسم - يمتاز بوجود الشاب الراقي ( ماجد معشي ) مدير الاستقبال الذي لا يتردد في مساعدة ضيوف الفندق مع ابتسامة عريضة . تقريبا كل شي جميل عدا الواي فاي الذي اصبح محدود - باب الحمام لا يغلق بدون استخدام القفل,['متميز'],"['مكان', 'متميز', 'من', 'جميع', 'النواحي', 'مدير', 'الاستقبال', 'الذي', 'لا', 'يتردد', 'في', 'مساعدة', 'ضيوف', 'الفندق', 'مع', 'ابتسامة', 'عريضة']","['رحلة', 'تعبدية', 'مكان', 'متميز', 'مساعدة', 'ضيوف', 'الفندق', 'ابتسامة', 'عريضة']","['متميز', 'عريضة', 'الفندق', 'ابتسامة', 'مساعدة', 'مكان', 'ضيوف']","[0, 0, 0, 0, 0, 1, 0, 0, 0, 0, 0, 0, 0, 0, 0, 1, 1, 0, 0, 0, 0, 0, 0, 0, 0, 0, 0, 0, 0, 0, 0, 0, 0, 0, 0, 0, 0, 0, 0, 0, 0, 0, 0, 0, 0, 0, 0, 0, 0, 0, 0, 1, 0, 1, 0, 0, 0, 1, 0, 1, 0, 0, 0, 0, 0, 0, 0, 0, 0, 0, 0, 0, 0, 0, 0, 0, 0, 0, 0, 0, 0, 0, 0, 0, 0, 0]"
74,89655,1,استثنائي . كل شي رائع . لاشئ,"['استثنائي', 'كل', 'شي', 'رائع']","['كل', 'شي', 'رائع']","['استثنائي', 'كل', 'شي', 'رائع']","['كل', 'رائع', 'شي', 'استثنائي']","[0, 1, 0, 1, 1, 1, 0, 0, 0, 0]"
75,68307,1,رائع . . اللوبي صغير جدا لابد من توسعته,['رائع'],['رائع'],['رائع'],['رائع'],"[0, 1, 0, 0, 0, 0, 0, 0, 0, 0, 0, 0, 0, 0, 0]"
76,59765,1,جيد . المكان روعه هدوء نوعا ما خاصه في الغرف يبقي من الخيارات الجيده في جده . العوائل المستأجره الفلل يستضيفون عوائل اخري وخاصه صغار السن مما سبب نوع من الازعاج,"['المكان', 'روعه', 'هدوء', 'نوعا', 'ما', 'خاصه', 'في', 'الغرف']","['روعه', 'هدوء']","['جيد', 'المكان', 'روعه', 'هدوء', 'من', 'الخيارات', 'الجيده', 'في', 'جده']","['هدوء', 'في', 'روعه', 'المكان']","[0, 0, 0, 0, 0, 1, 0, 1, 0, 0, 0, 0, 0, 1, 0, 0, 0, 0, 0, 0, 0, 0, 0, 1, 1, 0, 0, 0, 0, 0, 0, 0, 1, 0, 0, 0, 0, 0, 0, 0, 0, 0, 0, 0, 0, 0, 0, 0, 0, 0, 0, 0]"
77,79241,1,استثنائي . الفندق بكافة تفاصيله راقي ومريح من تعامل ومكان وموقع مع رافلز مكة لراحة عنوان دعواتي لجميع العاملين بالتوفيق والنجاح . .,"['الفندق', 'بكافة', 'تفاصيله', 'راقي', 'ومريح', 'من', 'تعامل', 'ومكان', 'وموقع']",['استثنائي'],"['استثنائي', 'الفندق', 'بكافة', 'تفاصيله', 'راقي', 'ومريح']","['راقي', 'بكافة', 'الفندق', 'تفاصيله', 'ومريح', 'استثنائي']","[0, 1, 0, 0, 0, 0, 0, 0, 1, 0, 1, 0, 0, 0, 0, 0, 0, 0, 0, 0, 0, 0, 0, 0, 0, 0, 0, 0, 0, 0, 0, 0, 0, 0, 0, 0, 0, 0, 0, 0, 0, 0, 0, 0]"
78,33486,1,“ فندق جيد للاقامه في الفجيره ” . فندق هادئ وله مدخل خاص للغرف . الواي فاي ضعيف جداا,"['فندق', 'هادئ', 'وله', 'مدخل', 'خاص', 'للغرف']","['فندق', 'هادئ']","['فندق', 'جيد', 'للاقامة', 'فندق', 'هادئ']","['هادئ', 'فندق']","[0, 0, 1, 0, 0, 0, 0, 0, 0, 0, 0, 0, 0, 0, 1, 1, 0, 0, 0, 0, 0, 0, 0, 0, 0, 0, 0, 0, 0, 0, 0, 0]"
79,47421,1,جيد . . لا يوجد wifi,"['لا', 'يوجد', 'wifi']",['جيد'],"['wifi', 'جيد']","['wifi', 'جيد']","[0, 1, 0, 0, 0, 0, 1, 1, 1, 0]"
80,31437,1,“ الزبون هو العين الحقيقية المساعدة للتطوير والتحسين ” . أعجبني الموقع وسهولة إيجاد الفندق من ناحية مختلف المخارج والمداخل . . بوفيه الإفطار متنوعه وجيده . مواقق السيارات متوفره وجيدة . . رجال الأمن متعاونين . الاستقبال جيدين ومتعاونين . . الغرق جيده ونظيفه . . لم يعجبني حجم المطعم لأنه صغير ولا يتناسب ابدا مع حجم الفندق لدرجه انه لا يستوعب إعداد نزلا الفندق عند الإفطار .,"['لموقع', 'وسهولة', 'إيجاد', 'الفندق', 'مختلف', 'المخارج', 'والمداخل', '.', '.', 'بوفيه', 'الإفطار', 'متنوعه', 'وجيده', '.', 'مواقق', 'السيارات', 'متوفره', 'وجيدة', '.', '.', 'رجال', 'الأمن', 'متعاونين', '.', 'الاستقبال', 'جيدين', 'ومتعاونين', '.', '.', 'الغرق', 'جيده', 'ونظيفه']","['الغرق', 'جيده', 'ونظيفه']","['أعجبني', 'الموقع', 'وسهولة', 'إيجاد', 'الفندق', 'بوفيه', 'الإفطار', 'متنوعه', 'وجيده', 'مواقق', 'السيارات', 'متوفره', 'وجيدة', 'رجال', 'الأمن', 'متعاونين', 'الغرف', 'جيده', 'ونظيفه']","['الغرق', 'متنوعه', 'ونظيفه', 'جيده', 'متوفره', 'إيجاد', 'الأمن', 'السيارات', 'وجيدة', 'وجيده', 'بوفيه', 'الإفطار', 'رجال', 'مواقق', 'وسهولة', 'متعاونين', 'الفندق']","[0, 0, 0, 0, 0, 0, 0, 0, 0, 0, 0, 0, 0, 0, 0, 0, 0, 0, 0, 0, 0, 0, 0, 0, 0, 0, 0, 1, 0, 0, 0, 0, 0, 0, 0, 0, 0, 0, 0, 0, 0, 0, 0, 0, 0, 0, 1, 0, 0, 1, 0, 0, 1, 1, 1, 0, 0, 0, 1, 0, 0, 1, 0, 0, 0, 1, 0, 0, 1, 0, 0, 0, 0, 1, 0, 0, 1, 0, 0, 0, 0, 0, 1, 0, 0, 0, 0, 0, 0, 0, 0, 0, 0, 0, 0, 0, 0, 0, 0, 0, 0, 0, 0, 0, 0, 0, 0, 0, 0, 0, 0, 0, 0, 0, 0, 0, 0, 0, 0, 0, 0, 0, 0, 0]"
81,70724,1,“ تجربة رائعة ” . موقع الفندق و الخدمات المقدمة وطاقم العمل و المطاعم . لا انصح بالسكنى في الادوار العالية لعدم جدوى ذلككما انه لا توجد بلكونات للشقق السكنية,"['موقع', 'الفندق', 'و', 'الخدمات', 'المقدمة', 'وطاقم', 'العمل', 'و', 'المطاعم']","['تجربة', 'رائعة']","['تجربة', 'رائعة', 'موقع', 'الفندق', 'و', 'الخدمات', 'المقدمة', 'وطاقم', 'العمل', 'و', 'المطاعم']","['الفندق', 'المطاعم', 'العمل', 'وطاقم', 'و', 'المقدمة', 'الخدمات', 'موقع', 'رائعة', 'تجربة']","[0, 0, 1, 0, 1, 0, 0, 0, 1, 0, 0, 1, 0, 0, 0, 0, 0, 0, 0, 0, 0, 0, 1, 0, 0, 0, 0, 0, 0, 0, 0, 0, 0, 0, 0, 0, 0, 0, 0, 0, 0, 0, 0, 0, 0, 0, 0, 0, 0, 0, 0, 0, 0, 0, 0, 0]"
82,39975,1,“ اشكر جميع الموظفين في اخلاصهم في العمل و ابتسامتهم الدائمة ” . كل شي جميل . حتى ولو إن كانت هناك بعض السلبيات الايجابيات تغطي وتمحي السلبيات,"['كل', 'شي', 'جميل', 'الايجابيات', 'تغطي', 'وتمحي', 'السلبيات']","['كل', 'شي', 'جميل']","['كل', 'شي', 'جميل', 'اخلاصهم', 'في', 'العمل', 'ابتسامتهم', 'الدائمة']","['كل', 'شي', 'جميل']","[0, 0, 0, 0, 0, 0, 0, 0, 0, 0, 0, 0, 0, 0, 0, 0, 0, 0, 0, 0, 0, 0, 1, 1, 1, 0, 0, 0, 0, 0, 0, 0, 0, 0, 0, 0, 0, 0, 0, 0, 0, 0, 0, 0, 0, 0, 0]"
83,86263,1,“ قمة الراحة واطلاله على أفضل المساجدالحرم المكي ” . كل شي قمة وروعة من الاستقبال الي التوديع فقط الواي فاي ويبدوا . انها مشكلة موجوده في فنادق مكه القريبة من الحرم يكفي في هذا الفندق الإطلالة . الواي فأي,"['كل', 'شي', 'قمة', 'وروعة', 'من', 'الاستقبال', 'الي', 'التوديع']","['قمة', 'الراحة', 'واطلاله']","['قمة', 'الراحة', 'واطلاله', 'على', 'أفضل', 'المساجدالحرم', 'المكي', 'كل', 'شي', 'قمة', 'وروعة']","['كل', 'شي', 'وروعة', 'قمة', 'واطلاله', 'الراحة']","[0, 0, 1, 0, 0, 0, 0, 0, 0, 0, 0, 0, 0, 0, 0, 0, 0, 0, 0, 0, 1, 1, 1, 0, 0, 0, 0, 0, 0, 0, 0, 0, 0, 0, 0, 0, 0, 0, 0, 0, 0, 0, 0, 0, 0, 0, 0, 0, 0, 0, 0, 0, 0, 0, 0, 0, 0, 0, 0, 0, 0, 0, 0, 0, 0, 0, 0, 0, 0, 0, 0]"
84,41128,1,“ سأكرر الزيارة بأذن الله ” . الهدوء والخصوصية والموقع مميز قريب من الكورنيش وطاقم العمل متعاون حيث مددو لي وقت الخروج . سعر المطعم غالي جدا,"['الهدوء', 'والخصوصية', 'والموقع', 'مميز', 'قريب', 'من', 'الكورنيش', 'وطاقم', 'العمل', 'متعاون']","['الهدوء', 'والخصوصية']","['سأكرر', 'الزيارة', 'الهدوء', 'الخصوصية', 'الموقع', 'مميز', 'طاقم', 'العمل', 'متعاون']","['والخصوصية', 'العمل', 'متعاون', 'الهدوء', 'مميز']","[0, 0, 0, 0, 0, 0, 0, 0, 0, 0, 0, 0, 0, 0, 0, 0, 0, 0, 0, 0, 0, 1, 0, 0, 0, 0, 0, 0, 0, 0, 1, 0, 0, 0, 0, 0, 0, 0, 0, 0, 0, 0, 0, 0, 0, 0]"
85,93854,1,استثنائي . فندق في قمت اروعه . كل شي فيه ممتاز,"['كل', 'شي', 'فيه', 'ممتاز']",['ممتاز'],"['استثنائي', 'كل', 'شي', 'فيه', 'ممتاز']","['كل', 'شي', 'ممتاز', 'فيه']","[0, 0, 0, 0, 0, 0, 0, 0, 0, 0, 1, 1, 0, 0, 1, 0]"
86,59321,1,“ جيد جدا ” . النظافة بشكل عام ، لباقة الموظفين وسرعة استجابته لاحتياجات العملاء ، سرعة إنجاز الدخول والخروج من الفندق . الحمام يحتاج إلى صيانة ، قوائم الطعام لا يوجد بها تنوع,"['النظافة', 'بشكل', 'عام', '،', 'لباقة', 'الموظفين', 'وسرعة', 'استجابته', 'لاحتياجات', 'العملاء', '،', 'سرعة', 'إنجاز', 'الدخول', 'والخروج', 'من', 'الفندق']","['لباقة', 'الموظفين']","['جيد', 'جدا', 'النظافة', 'لباقة', 'الموظفين', 'سرعة', 'استجابته', 'لاحتياجات', 'العملاء', 'سرعة', 'إنجاز', 'الدخول', 'والخروج', 'من', 'الفندق']","['العملاء', 'النظافة', 'الموظفين', 'إنجاز', 'لاحتياجات', 'والخروج', 'استجابته', 'لباقة', 'الدخول', 'من', 'الفندق', 'سرعة']","[0, 0, 0, 0, 0, 0, 0, 0, 0, 0, 0, 0, 0, 0, 1, 0, 0, 0, 0, 0, 1, 0, 1, 0, 0, 0, 0, 0, 0, 0, 0, 1, 0, 1, 0, 0, 0, 0, 0, 1, 0, 0, 0, 0, 0, 0, 0, 0, 0, 0, 0, 0, 0, 0, 0, 0, 0, 0, 0]"
87,46003,1,جيد . الموقع . لاشيء,['الموقع'],['جيد'],['جيد'],['جيد'],"[0, 1, 0, 0, 0, 0, 0, 0]"
88,71237,1,استثنائي . مكان الفندق مناسب . نافذة المطبخ بدون ستائر,"['مكان', 'الفندق', 'مناسب']","['الفندق', 'مناسب']","['استثنائي', 'مكان', 'الفندق', 'مناسب']","['مكان', 'الفندق', 'مناسب']","[0, 0, 0, 1, 0, 0, 1, 0, 0, 0, 0, 0, 0, 0, 0, 0]"
89,61750,1,“ ممتاز للعائلات ” . كل حاجه ممتازه حتى الهدوء . الهدووء,"['كل', 'حاجه', 'ممتازه', 'حتى', 'الهدوء']","['كل', 'حاجه', 'ممتازه']","['ممتاز', 'للعائلات', 'الهدوء']","['كل', 'الهدوء', 'ممتازه', 'حاجه']","[0, 0, 1, 0, 0, 0, 0, 0, 0, 1, 1, 0, 1, 0, 0, 0, 0, 0, 0, 0, 0, 1, 0]"
90,43041,1,“ مذهل ” . الفندق كامل . لايوجد شي,"['الفندق', 'كامل']","['الفندق', 'كامل']","['مذهل', 'الفندق', 'كامل']","['الفندق', 'كامل']","[0, 0, 0, 0, 0, 0, 0, 1, 0, 0, 0, 0]"
91,12966,1,استثنائي . حمام السباحة .,"['حمام', 'السباحة']",['استثنائي'],['استثنائي'],['استثنائي'],"[0, 1, 0, 0, 0, 0, 0, 0, 0]"
92,77597,1,استثنائي . يستحق الزياره .,"['يستحق', 'الزياره']","['استثنائي', '.']",['استثنائي'],['استثنائي'],"[0, 1, 0, 0, 0, 0, 0, 0, 0]"
93,3508,1,“ رائع و ممتع ” . جميل ومريح . تسجيل الخروج كان مبكرا ليس كالعاده و تسجيل الدخول كان متأخرا,"['جميل', 'ومريح']",['ممتع'],"['رائع', 'و', 'ممتع', 'جميل', 'ومريح']","['جميل', 'ومريح', 'ممتع']","[0, 0, 0, 0, 1, 0, 0, 1, 0, 0, 0, 0, 0, 0, 0, 0, 0, 0, 0, 0, 0, 0, 0, 0, 0, 0, 0, 0, 0, 0]"
94,78832,1,جيد . الهدوء والضيافة . خدمة الغسيل والبخار,"['الهدوء', 'والضيافة']","['الهدوء', 'والضيافة']","['جيد', 'الهدوء', 'الضيافة', 'خدمة', 'الغسيل']","['الهدوء', 'والضيافة']","[0, 0, 0, 0, 0, 0, 0, 0, 0, 0, 0, 0, 0, 0, 0, 0, 0, 0]"
95,21602,1,“ رائع جدا ” . اعجبني كل شي موقع الفندق واطلالته ونظافة وهدوء المكان . لم يعجبني سرير الاطفال غير مريح وخطر نوعا ما لطفل عمره سنه ولايوجد بديل لديهم يفترض ان يكون لديهم سرير يتوافق مع الاعمار,"['موقع', 'الفندق', 'واطلالته', 'ونظافة', 'وهدوء', 'المكان']","['اعجبني', 'كل', 'شي']","['رائع', 'جدا', 'اعجبني', 'كل', 'شي', 'نظافة', 'هدوء']","['كل', 'اعجبني', 'شي']","[0, 0, 0, 0, 0, 0, 0, 1, 1, 1, 0, 0, 0, 0, 0, 0, 0, 0, 0, 0, 0, 0, 0, 0, 0, 0, 0, 0, 0, 0, 0, 0, 0, 0, 0, 0, 0, 0, 0, 0, 0, 0, 0, 0, 0, 0, 0, 0, 0, 0, 0, 0, 0, 0, 0, 0, 0, 0, 0]"
96,36820,1,“ جميلة ” . الموقع جيد النظافة جيدة مقابل السعر موظفين الاستقبال بشوشين خصوصا الاخ يوسف . لا يوجد,"['الموقع', 'جيد', 'النظافة', 'جيدة', 'مقابل', 'السعر', 'موظفين', 'الاستقبال', 'بشوشين']","['النظافة', 'جيدة']","['جميلة', 'لموقع', 'جيد', 'النظافة', 'جيدة', 'موظفين', 'الاستقبال', 'بشوشين']","['النظافة', 'جيدة', 'موظفين', 'بشوشين', 'الاستقبال', 'جيد']","[0, 0, 0, 0, 0, 0, 0, 0, 1, 0, 0, 0, 1, 0, 0, 0, 0, 0, 0, 0, 0, 0, 0, 0, 0, 0, 0, 0, 0, 0, 0, 0, 0]"
97,14100,1,“ ممتاز ” . كل شي . غلاء المطاعم,"['كل', 'شي']",['ممتاز'],['ممتاز'],['ممتاز'],"[0, 0, 1, 0, 0, 0, 0, 0, 0, 0, 0, 0]"
98,68781,1,استثنائي . الاجنحة كبيرة جدا .,"['الاجنحة', 'كبيرة', 'جدا']","['الاجنحة', 'كبيرة']",['استثنائي'],"['الاجنحة', 'كبيرة']","[0, 0, 0, 0, 0, 0, 1, 0, 0, 0, 0, 0]"
99,74752,1,“ رائعة . اتمنى تكراراها قريبا ” . حسن استقبال وضيافة . تعامل لبق جدا من طاقم المطعم . الشكر لجميع العاملين في الفندق بدايه من المدير العام الى موظف الامن واخص بالشكر الاستاذ عبدالفتاح . . صوت ازعاج كراسي المطعم يزعج سكان الطابق الثالث . استخدام المصعد المخصص للنزلاء في تحميل اللحوم ومواد الطبخ للمطعم في الدور الرابع ولم يخصص مصعد خاص بالخدمات . سعر المطعم مبالغ فيه قليلا .,"['حسن', 'استقبال', 'وضيافة', '.', 'تعامل', 'لبق', 'جدا', 'من', 'طاقم', 'المطعم', '.', 'الشكر', 'لجميع', 'العاملين', 'في', 'الفندق', 'بدايه', 'من', 'المدير', 'العام', 'الى', 'موظف', 'الامن', 'واخص', 'بالشكر', 'الاستاذ', 'عبدالفتاح']",['رائعة'],"['رائعة', 'اتمنى', 'تكراراها', 'حسن', 'استقبال', 'تعامل', 'لبق', 'الشكر', 'لجميع', 'العاملين']","['حسن', 'الشكر', 'العاملين', 'لجميع', 'لبق', 'تعامل', 'استقبال', 'رائعة']","[0, 0, 1, 0, 0, 0, 0, 0, 0, 0, 0, 0, 0, 1, 1, 0, 0, 0, 0, 1, 1, 0, 0, 0, 0, 0, 0, 0, 0, 0, 0, 0, 0, 0, 0, 0, 0, 0, 0, 0, 0, 0, 0, 0, 0, 0, 0, 0, 0, 0, 0, 0, 0, 0, 0, 0, 0, 0, 0, 0, 0, 0, 0, 0, 0, 0, 0, 0, 0, 0, 0, 0, 0, 0, 0, 0, 0, 0, 0, 0, 0, 0, 0, 0, 0, 0, 0, 0, 0, 0, 0, 0, 0, 0, 0, 0, 0, 0, 0, 0, 0, 0, 0, 0, 0, 0, 0, 0, 0, 0, 0, 0, 0, 0, 0, 0]"
